{"cameraMode":{"drawMode":0,"name":"Shaded","section":"Shading Mode"},"sceneLighting":true,"audioPlay":false,"sceneViewState":{"showFog":true,"showMaterialUpdate":false,"showSkybox":true,"showFlares":true,"showImageEffects":true,"showParticleSystems":true,"showVisualEffectGraphs":true,"m_FxEnabled":true},"in2DMode":false,"pivot":{"x":1.927436113357544,"y":0.7147016525268555,"z":2.833921432495117},"rotation":{"x":0.41806846857070925,"y":-0.23520442843437196,"z":0.11300763487815857,"w":0.8701314926147461},"size":15.746284484863282,"orthographic":false}