{"cameraMode":{"drawMode":0,"name":"Shaded","section":"Shading Mode"},"sceneLighting":false,"audioPlay":false,"sceneViewState":{"showFog":true,"showMaterialUpdate":false,"showSkybox":false,"showFlares":true,"showImageEffects":true,"showParticleSystems":true,"showVisualEffectGraphs":true,"m_FxEnabled":true},"in2DMode":false,"pivot":{"x":-0.9769572019577026,"y":1.242011308670044,"z":6.700160503387451},"rotation":{"x":0.046003058552742007,"y":0.7430694699287415,"z":-0.6656554341316223,"w":0.051353320479393008},"size":1.6912026405334473,"orthographic":false}